Workbook

Sheet Assumptions
A1: الرمز | B1: البند | C1: القيمة | D1: المصدر / ملاحظة
A2: VAT | B2: ضريبة القيمة المضافة | C2: 0.15 | D2: مقرر نظاماً (ليس من العقد) - الأسعار مفترضة شاملة الضريبة
A3: COM | B3: عمولة هنقرستيشن (توصيل/استلام) | C3: 0.21 | D3: عقد ص4 البند خامساً-أ
A4: PAY | B4: عمولة الدفع الإلكتروني | C4: 0.025 | D4: عقد ص4 البند خامساً-أ
A5: ESH | B5: نسبة الطلبات المدفوعة إلكترونياً | C5: 1 | D5: افتراض متحفظ: 100% (غير محدد في العقد)
A6: HPLUS | B6: إضافة HPlus لكل طلب (ريال) | C6: 4 | D6: عقد ص6
A7: FOOD | B7: تكلفة الطعام % من سعر البيع المباشر بدون ضريبة | C7: 0.32 | D7: افتراض - يجب استبداله بتكلفة الوصفات
A8: PKG | B8: تغليف لكل طلب (ريال) | C8: 2 | D8: افتراض - يجب استبداله
A9: PMAX | B9: سقف حصة المطعم من خصم الاستلام (ريال) | C9: 2.5 | D9: عقد ص5
A10: PDISC | B10: خصم العميل على الاستلام | C10: 0.2 | D10: عقد ص5 ("يبدأ من 20%" ويحق لهنقرستيشن تغييره)
A11: U30 | B11: تكلفة التوصيل لسلة أقل من 30 ريال | C11: 7 | D11: غير مذكورة بالعقد - افتراض (أقل شريحة)
A12: SUB | B12: الاشتراك الشهري (ريال) | C12: 200 | D12: عقد ص4: 200 من 01/10/2026 إلى 01/02/2027 (غامض: شهري أم إجمالي)
A13: PRN | B13: طابعة V2s مرة واحدة (ريال) | C13: 500 | D13: عقد ص4
B15: شرائح تكلفة التوصيل (حسب قيمة السلة شاملة الضريبة)
A16: من (ريال) | B16: تكلفة التوصيل (ريال)
A17: 30 | B17: 7
A18: 40 | B18: 8
A19: 50 | B19: 9
A20: 60 | B20: 11
A21: 80 | B21: 13

Sheet Items
A1: # | B1: الصنف | C1: القسم | D1: سعر المطعم الحالي (Excel عمود D) | E1: سعر هنقرستيشن المقترح (Excel عمود F) | F1: نسبة الزيادة | G1: ضريبة 15% المضمنة في السعر | H1: عمولة 21% | I1: رسوم الدفع 2.5% | J1: تكلفة التوصيل (شريحة - طلب منفرد) | K1: إجمالي خصومات المنصة | L1: الصافي للمطعم قبل التكلفة (بعد الضريبة) | M1: الصافي % من سعر المطعم | N1: الصافي % من سعر HS | O1: الصافي % من البيع المباشر (بدون ضريبة) | P1: صافي طلب HPlus | Q1: أقصى تكلفة طعام+تغليف قبل الخسارة | R1: تكلفة طعام+تغليف (افتراض) | S1: هامش المساهمة (CM) | T1: CM % من سعر HS بدون ضريبة | U1: التصنيف | V1: CM البيع المباشر | W1: الفرق عن البيع المباشر | X1: صافي طلب الاستلام (Pickup) | Y1: سعر المنيو المطبوع | Z1: سعر HS ÷ سعر المنيو - 1 | AA1: ملاحظة
A2: 1 | B2: نفر حنيد بيتنا | C2: اطباق الرئيسية | D2: 105 | E2: 126 | F2: =E2/D2-1 | G2: =E2*Assumptions!$C$2/(1+Assumptions!$C$2) | H2: =E2*Assumptions!$C$3 | I2: =E2*Assumptions!$C$4*Assumptions!$C$5 | J2: =IF(E2<30,Assumptions!$C$11,LOOKUP(E2,Assumptions!$A$17:$A$21,Assumptions!$B$17:$B$21)) | K2: =H2+I2+J2 | L2: =E2-G2-K2 | M2: =L2/D2 | N2: =L2/E2 | O2: =L2/(D2/(1+Assumptions!$C$2)) | P2: =L2-Assumptions!$C$6 | Q2: =L2 | R2: =Assumptions!$C$7*D2/(1+Assumptions!$C$2)+Assumptions!$C$8 | S2: =L2-R2 | T2: =S2/(E2/(1+Assumptions!$C$2)) | U2: =IF(T2<0.15,"RED",IF(T2<0.3,"YELLOW","GREEN")) | V2: =D2/(1+Assumptions!$C$2)-R2 | W2: =S2-V2 | X2: =E2-G2-E2*Assumptions!$C$3-E2*Assumptions!$C$4*Assumptions!$C$5-MIN(Assumptions!$C$9,Assumptions!$C$10*E2) | Y2: 80 | Z2: =IF(Y2="","",E2/Y2-1)
A3: 2 | B3: حنيذ جيزاني | D3: 100 | E3: 120 | F3: =E3/D3-1 | G3: =E3*Assumptions!$C$2/(1+Assumptions!$C$2) | H3: =E3*Assumptions!$C$3 | I3: =E3*Assumptions!$C$4*Assumptions!$C$5 | J3: =IF(E3<30,Assumptions!$C$11,LOOKUP(E3,Assumptions!$A$17:$A$21,Assumptions!$B$17:$B$21)) | K3: =H3+I3+J3 | L3: =E3-G3-K3 | M3: =L3/D3 | N3: =L3/E3 | O3: =L3/(D3/(1+Assumptions!$C$2)) | P3: =L3-Assumptions!$C$6 | Q3: =L3 | R3: =Assumptions!$C$7*D3/(1+Assumptions!$C$2)+Assumptions!$C$8 | S3: =L3-R3 | T3: =S3/(E3/(1+Assumptions!$C$2)) | U3: =IF(T3<0.15,"RED",IF(T3<0.3,"YELLOW","GREEN")) | V3: =D3/(1+Assumptions!$C$2)-R3 | W3: =S3-V3 | X3: =E3-G3-E3*Assumptions!$C$3-E3*Assumptions!$C$4*Assumptions!$C$5-MIN(Assumptions!$C$9,Assumptions!$C$10*E3) | Y3: 77 | Z3: =IF(Y3="","",E3/Y3-1)
A4: 3 | B4: كبسة لحم | D4: 98 | E4: 117.6 | F4: =E4/D4-1 | G4: =E4*Assumptions!$C$2/(1+Assumptions!$C$2) | H4: =E4*Assumptions!$C$3 | I4: =E4*Assumptions!$C$4*Assumptions!$C$5 | J4: =IF(E4<30,Assumptions!$C$11,LOOKUP(E4,Assumptions!$A$17:$A$21,Assumptions!$B$17:$B$21)) | K4: =H4+I4+J4 | L4: =E4-G4-K4 | M4: =L4/D4 | N4: =L4/E4 | O4: =L4/(D4/(1+Assumptions!$C$2)) | P4: =L4-Assumptions!$C$6 | Q4: =L4 | R4: =Assumptions!$C$7*D4/(1+Assumptions!$C$2)+Assumptions!$C$8 | S4: =L4-R4 | T4: =S4/(E4/(1+Assumptions!$C$2)) | U4: =IF(T4<0.15,"RED",IF(T4<0.3,"YELLOW","GREEN")) | V4: =D4/(1+Assumptions!$C$2)-R4 | W4: =S4-V4 | X4: =E4-G4-E4*Assumptions!$C$3-E4*Assumptions!$C$4*Assumptions!$C$5-MIN(Assumptions!$C$9,Assumptions!$C$10*E4) | Y4: 75 | Z4: =IF(Y4="","",E4/Y4-1)
A5: 4 | B5: برمة لحم مع الرز | D5: 48 | E5: 57.6 | F5: =E5/D5-1 | G5: =E5*Assumptions!$C$2/(1+Assumptions!$C$2) | H5: =E5*Assumptions!$C$3 | I5: =E5*Assumptions!$C$4*Assumptions!$C$5 | J5: =IF(E5<30,Assumptions!$C$11,LOOKUP(E5,Assumptions!$A$17:$A$21,Assumptions!$B$17:$B$21)) | K5: =H5+I5+J5 | L5: =E5-G5-K5 | M5: =L5/D5 | N5: =L5/E5 | O5: =L5/(D5/(1+Assumptions!$C$2)) | P5: =L5-Assumptions!$C$6 | Q5: =L5 | R5: =Assumptions!$C$7*D5/(1+Assumptions!$C$2)+Assumptions!$C$8 | S5: =L5-R5 | T5: =S5/(E5/(1+Assumptions!$C$2)) | U5: =IF(T5<0.15,"RED",IF(T5<0.3,"YELLOW","GREEN")) | V5: =D5/(1+Assumptions!$C$2)-R5 | W5: =S5-V5 | X5: =E5-G5-E5*Assumptions!$C$3-E5*Assumptions!$C$4*Assumptions!$C$5-MIN(Assumptions!$C$9,Assumptions!$C$10*E5) | Y5: 36 | Z5: =IF(Y5="","",E5/Y5-1)
A6: 5 | B6: مغش لحم | D6: 59 | E6: 70.8 | F6: =E6/D6-1 | G6: =E6*Assumptions!$C$2/(1+Assumptions!$C$2) | H6: =E6*Assumptions!$C$3 | I6: =E6*Assumptions!$C$4*Assumptions!$C$5 | J6: =IF(E6<30,Assumptions!$C$11,LOOKUP(E6,Assumptions!$A$17:$A$21,Assumptions!$B$17:$B$21)) | K6: =H6+I6+J6 | L6: =E6-G6-K6 | M6: =L6/D6 | N6: =L6/E6 | O6: =L6/(D6/(1+Assumptions!$C$2)) | P6: =L6-Assumptions!$C$6 | Q6: =L6 | R6: =Assumptions!$C$7*D6/(1+Assumptions!$C$2)+Assumptions!$C$8 | S6: =L6-R6 | T6: =S6/(E6/(1+Assumptions!$C$2)) | U6: =IF(T6<0.15,"RED",IF(T6<0.3,"YELLOW","GREEN")) | V6: =D6/(1+Assumptions!$C$2)-R6 | W6: =S6-V6 | X6: =E6-G6-E6*Assumptions!$C$3-E6*Assumptions!$C$4*Assumptions!$C$5-MIN(Assumptions!$C$9,Assumptions!$C$10*E6) | Y6: 45 | Z6: =IF(Y6="","",E6/Y6-1)
A7: 6 | B7: ربع شواية مع الرز | D7: 19 | E7: 22.8 | F7: =E7/D7-1 | G7: =E7*Assumptions!$C$2/(1+Assumptions!$C$2) | H7: =E7*Assumptions!$C$3 | I7: =E7*Assumptions!$C$4*Assumptions!$C$5 | J7: =IF(E7<30,Assumptions!$C$11,LOOKUP(E7,Assumptions!$A$17:$A$21,Assumptions!$B$17:$B$21)) | K7: =H7+I7+J7 | L7: =E7-G7-K7 | M7: =L7/D7 | N7: =L7/E7 | O7: =L7/(D7/(1+Assumptions!$C$2)) | P7: =L7-Assumptions!$C$6 | Q7: =L7 | R7: =Assumptions!$C$7*D7/(1+Assumptions!$C$2)+Assumptions!$C$8 | S7: =L7-R7 | T7: =S7/(E7/(1+Assumptions!$C$2)) | U7: =IF(T7<0.15,"RED",IF(T7<0.3,"YELLOW","GREEN")) | V7: =D7/(1+Assumptions!$C$2)-R7 | W7: =S7-V7 | X7: =E7-G7-E7*Assumptions!$C$3-E7*Assumptions!$C$4*Assumptions!$C$5-MIN(Assumptions!$C$9,Assumptions!$C$10*E7) | Y7: 14 | Z7: =IF(Y7="","",E7/Y7-1)
A8: 7 | B8: نص شواية مع الرز | D8: 27 | E8: 32.4 | F8: =E8/D8-1 | G8: =E8*Assumptions!$C$2/(1+Assumptions!$C$2) | H8: =E8*Assumptions!$C$3 | I8: =E8*Assumptions!$C$4*Assumptions!$C$5 | J8: =IF(E8<30,Assumptions!$C$11,LOOKUP(E8,Assumptions!$A$17:$A$21,Assumptions!$B$17:$B$21)) | K8: =H8+I8+J8 | L8: =E8-G8-K8 | M8: =L8/D8 | N8: =L8/E8 | O8: =L8/(D8/(1+Assumptions!$C$2)) | P8: =L8-Assumptions!$C$6 | Q8: =L8 | R8: =Assumptions!$C$7*D8/(1+Assumptions!$C$2)+Assumptions!$C$8 | S8: =L8-R8 | T8: =S8/(E8/(1+Assumptions!$C$2)) | U8: =IF(T8<0.15,"RED",IF(T8<0.3,"YELLOW","GREEN")) | V8: =D8/(1+Assumptions!$C$2)-R8 | W8: =S8-V8 | X8: =E8-G8-E8*Assumptions!$C$3-E8*Assumptions!$C$4*Assumptions!$C$5-MIN(Assumptions!$C$9,Assumptions!$C$10*E8) | Y8: 21 | Z8: =IF(Y8="","",E8/Y8-1)
A9: 8 | B9: حبه شوايه مع الرز | D9: 55 | E9: 66 | F9: =E9/D9-1 | G9: =E9*Assumptions!$C$2/(1+Assumptions!$C$2) | H9: =E9*Assumptions!$C$3 | I9: =E9*Assumptions!$C$4*Assumptions!$C$5 | J9: =IF(E9<30,Assumptions!$C$11,LOOKUP(E9,Assumptions!$A$17:$A$21,Assumptions!$B$17:$B$21)) | K9: =H9+I9+J9 | L9: =E9-G9-K9 | M9: =L9/D9 | N9: =L9/E9 | O9: =L9/(D9/(1+Assumptions!$C$2)) | P9: =L9-Assumptions!$C$6 | Q9: =L9 | R9: =Assumptions!$C$7*D9/(1+Assumptions!$C$2)+Assumptions!$C$8 | S9: =L9-R9 | T9: =S9/(E9/(1+Assumptions!$C$2)) | U9: =IF(T9<0.15,"RED",IF(T9<0.3,"YELLOW","GREEN")) | V9: =D9/(1+Assumptions!$C$2)-R9 | W9: =S9-V9 | X9: =E9-G9-E9*Assumptions!$C$3-E9*Assumptions!$C$4*Assumptions!$C$5-MIN(Assumptions!$C$9,Assumptions!$C$10*E9) | Y9: 42 | Z9: =IF(Y9="","",E9/Y9-1)
A10: 9 | B10: حبه مقلوبه مع الرز | D10: 55 | E10: 66 | F10: =E10/D10-1 | G10: =E10*Assumptions!$C$2/(1+Assumptions!$C$2) | H10: =E10*Assumptions!$C$3 | I10: =E10*Assumptions!$C$4*Assumptions!$C$5 | J10: =IF(E10<30,Assumptions!$C$11,LOOKUP(E10,Assumptions!$A$17:$A$21,Assumptions!$B$17:$B$21)) | K10: =H10+I10+J10 | L10: =E10-G10-K10 | M10: =L10/D10 | N10: =L10/E10 | O10: =L10/(D10/(1+Assumptions!$C$2)) | P10: =L10-Assumptions!$C$6 | Q10: =L10 | R10: =Assumptions!$C$7*D10/(1+Assumptions!$C$2)+Assumptions!$C$8 | S10: =L10-R10 | T10: =S10/(E10/(1+Assumptions!$C$2)) | U10: =IF(T10<0.15,"RED",IF(T10<0.3,"YELLOW","GREEN")) | V10: =D10/(1+Assumptions!$C$2)-R10 | W10: =S10-V10 | X10: =E10-G10-E10*Assumptions!$C$3-E10*Assumptions!$C$4*Assumptions!$C$5-MIN(Assumptions!$C$9,Assumptions!$C$10*E10) | Z10: =IF(Y10="","",E10/Y10-1) | AA10: الصنف غير موجود في المنيو المطبوع
A11: 10 | B11: نص مضغوط | D11: 27 | E11: 32.4 | F11: =E11/D11-1 | G11: =E11*Assumptions!$C$2/(1+Assumptions!$C$2) | H11: =E11*Assumptions!$C$3 | I11: =E11*Assumptions!$C$4*Assumptions!$C$5 | J11: =IF(E11<30,Assumptions!$C$11,LOOKUP(E11,Assumptions!$A$17:$A$21,Assumptions!$B$17:$B$21)) | K11: =H11+I11+J11 | L11: =E11-G11-K11 | M11: =L11/D11 | N11: =L11/E11 | O11: =L11/(D11/(1+Assumptions!$C$2)) | P11: =L11-Assumptions!$C$6 | Q11: =L11 | R11: =Assumptions!$C$7*D11/(1+Assumptions!$C$2)+Assumptions!$C$8 | S11: =L11-R11 | T11: =S11/(E11/(1+Assumptions!$C$2)) | U11: =IF(T11<0.15,"RED",IF(T11<0.3,"YELLOW","GREEN")) | V11: =D11/(1+Assumptions!$C$2)-R11 | W11: =S11-V11 | X11: =E11-G11-E11*Assumptions!$C$3-E11*Assumptions!$C$4*Assumptions!$C$5-MIN(Assumptions!$C$9,Assumptions!$C$10*E11) | Y11: 21 | Z11: =IF(Y11="","",E11/Y11-1)
A12: 11 | B12: نص ميفى مع الرز | D12: 27 | E12: 32.4 | F12: =E12/D12-1 | G12: =E12*Assumptions!$C$2/(1+Assumptions!$C$2) | H12: =E12*Assumptions!$C$3 | I12: =E12*Assumptions!$C$4*Assumptions!$C$5 | J12: =IF(E12<30,Assumptions!$C$11,LOOKUP(E12,Assumptions!$A$17:$A$21,Assumptions!$B$17:$B$21)) | K12: =H12+I12+J12 | L12: =E12-G12-K12 | M12: =L12/D12 | N12: =L12/E12 | O12: =L12/(D12/(1+Assumptions!$C$2)) | P12: =L12-Assumptions!$C$6 | Q12: =L12 | R12: =Assumptions!$C$7*D12/(1+Assumptions!$C$2)+Assumptions!$C$8 | S12: =L12-R12 | T12: =S12/(E12/(1+Assumptions!$C$2)) | U12: =IF(T12<0.15,"RED",IF(T12<0.3,"YELLOW","GREEN")) | V12: =D12/(1+Assumptions!$C$2)-R12 | W12: =S12-V12 | X12: =E12-G12-E12*Assumptions!$C$3-E12*Assumptions!$C$4*Assumptions!$C$5-MIN(Assumptions!$C$9,Assumptions!$C$10*E12) | Y12: 21 | Z12: =IF(Y12="","",E12/Y12-1)
A13: 12 | B13: نص شواية سادة | D13: 20 | E13: 24 | F13: =E13/D13-1 | G13: =E13*Assumptions!$C$2/(1+Assumptions!$C$2) | H13: =E13*Assumptions!$C$3 | I13: =E13*Assumptions!$C$4*Assumptions!$C$5 | J13: =IF(E13<30,Assumptions!$C$11,LOOKUP(E13,Assumptions!$A$17:$A$21,Assumptions!$B$17:$B$21)) | K13: =H13+I13+J13 | L13: =E13-G13-K13 | M13: =L13/D13 | N13: =L13/E13 | O13: =L13/(D13/(1+Assumptions!$C$2)) | P13: =L13-Assumptions!$C$6 | Q13: =L13 | R13: =Assumptions!$C$7*D13/(1+Assumptions!$C$2)+Assumptions!$C$8 | S13: =L13-R13 | T13: =S13/(E13/(1+Assumptions!$C$2)) | U13: =IF(T13<0.15,"RED",IF(T13<0.3,"YELLOW","GREEN")) | V13: =D13/(1+Assumptions!$C$2)-R13 | W13: =S13-V13 | X13: =E13-G13-E13*Assumptions!$C$3-E13*Assumptions!$C$4*Assumptions!$C$5-MIN(Assumptions!$C$9,Assumptions!$C$10*E13) | Y13: 15 | Z13: =IF(Y13="","",E13/Y13-1)
A14: 13 | B14: نص ميفى سادة | D14: 20 | E14: 24 | F14: =E14/D14-1 | G14: =E14*Assumptions!$C$2/(1+Assumptions!$C$2) | H14: =E14*Assumptions!$C$3 | I14: =E14*Assumptions!$C$4*Assumptions!$C$5 | J14: =IF(E14<30,Assumptions!$C$11,LOOKUP(E14,Assumptions!$A$17:$A$21,Assumptions!$B$17:$B$21)) | K14: =H14+I14+J14 | L14: =E14-G14-K14 | M14: =L14/D14 | N14: =L14/E14 | O14: =L14/(D14/(1+Assumptions!$C$2)) | P14: =L14-Assumptions!$C$6 | Q14: =L14 | R14: =Assumptions!$C$7*D14/(1+Assumptions!$C$2)+Assumptions!$C$8 | S14: =L14-R14 | T14: =S14/(E14/(1+Assumptions!$C$2)) | U14: =IF(T14<0.15,"RED",IF(T14<0.3,"YELLOW","GREEN")) | V14: =D14/(1+Assumptions!$C$2)-R14 | W14: =S14-V14 | X14: =E14-G14-E14*Assumptions!$C$3-E14*Assumptions!$C$4*Assumptions!$C$5-MIN(Assumptions!$C$9,Assumptions!$C$10*E14) | Y14: 15 | Z14: =IF(Y14="","",E14/Y14-1)
A15: 14 | B15: حبة ميفى | D15: 55 | E15: 66 | F15: =E15/D15-1 | G15: =E15*Assumptions!$C$2/(1+Assumptions!$C$2) | H15: =E15*Assumptions!$C$3 | I15: =E15*Assumptions!$C$4*Assumptions!$C$5 | J15: =IF(E15<30,Assumptions!$C$11,LOOKUP(E15,Assumptions!$A$17:$A$21,Assumptions!$B$17:$B$21)) | K15: =H15+I15+J15 | L15: =E15-G15-K15 | M15: =L15/D15 | N15: =L15/E15 | O15: =L15/(D15/(1+Assumptions!$C$2)) | P15: =L15-Assumptions!$C$6 | Q15: =L15 | R15: =Assumptions!$C$7*D15/(1+Assumptions!$C$2)+Assumptions!$C$8 | S15: =L15-R15 | T15: =S15/(E15/(1+Assumptions!$C$2)) | U15: =IF(T15<0.15,"RED",IF(T15<0.3,"YELLOW","GREEN")) | V15: =D15/(1+Assumptions!$C$2)-R15 | W15: =S15-V15 | X15: =E15-G15-E15*Assumptions!$C$3-E15*Assumptions!$C$4*Assumptions!$C$5-MIN(Assumptions!$C$9,Assumptions!$C$10*E15) | Y15: 42 | Z15: =IF(Y15="","",E15/Y15-1)
A16: 15 | B16: حبة مضغوط | D16: 55 | E16: 66 | F16: =E16/D16-1 | G16: =E16*Assumptions!$C$2/(1+Assumptions!$C$2) | H16: =E16*Assumptions!$C$3 | I16: =E16*Assumptions!$C$4*Assumptions!$C$5 | J16: =IF(E16<30,Assumptions!$C$11,LOOKUP(E16,Assumptions!$A$17:$A$21,Assumptions!$B$17:$B$21)) | K16: =H16+I16+J16 | L16: =E16-G16-K16 | M16: =L16/D16 | N16: =L16/E16 | O16: =L16/(D16/(1+Assumptions!$C$2)) | P16: =L16-Assumptions!$C$6 | Q16: =L16 | R16: =Assumptions!$C$7*D16/(1+Assumptions!$C$2)+Assumptions!$C$8 | S16: =L16-R16 | T16: =S16/(E16/(1+Assumptions!$C$2)) | U16: =IF(T16<0.15,"RED",IF(T16<0.3,"YELLOW","GREEN")) | V16: =D16/(1+Assumptions!$C$2)-R16 | W16: =S16-V16 | X16: =E16-G16-E16*Assumptions!$C$3-E16*Assumptions!$C$4*Assumptions!$C$5-MIN(Assumptions!$C$9,Assumptions!$C$10*E16) | Y16: 42 | Z16: =IF(Y16="","",E16/Y16-1)
A17: 16 | B17: نص مقلوبه | D17: 27 | E17: 32.4 | F17: =E17/D17-1 | G17: =E17*Assumptions!$C$2/(1+Assumptions!$C$2) | H17: =E17*Assumptions!$C$3 | I17: =E17*Assumptions!$C$4*Assumptions!$C$5 | J17: =IF(E17<30,Assumptions!$C$11,LOOKUP(E17,Assumptions!$A$17:$A$21,Assumptions!$B$17:$B$21)) | K17: =H17+I17+J17 | L17: =E17-G17-K17 | M17: =L17/D17 | N17: =L17/E17 | O17: =L17/(D17/(1+Assumptions!$C$2)) | P17: =L17-Assumptions!$C$6 | Q17: =L17 | R17: =Assumptions!$C$7*D17/(1+Assumptions!$C$2)+Assumptions!$C$8 | S17: =L17-R17 | T17: =S17/(E17/(1+Assumptions!$C$2)) | U17: =IF(T17<0.15,"RED",IF(T17<0.3,"YELLOW","GREEN")) | V17: =D17/(1+Assumptions!$C$2)-R17 | W17: =S17-V17 | X17: =E17-G17-E17*Assumptions!$C$3-E17*Assumptions!$C$4*Assumptions!$C$5-MIN(Assumptions!$C$9,Assumptions!$C$10*E17) | Y17: 21 | Z17: =IF(Y17="","",E17/Y17-1)
A18: 17 | B18: لحوح مكشن | D18: 25 | E18: 30 | F18: =E18/D18-1 | G18: =E18*Assumptions!$C$2/(1+Assumptions!$C$2) | H18: =E18*Assumptions!$C$3 | I18: =E18*Assumptions!$C$4*Assumptions!$C$5 | J18: =IF(E18<30,Assumptions!$C$11,LOOKUP(E18,Assumptions!$A$17:$A$21,Assumptions!$B$17:$B$21)) | K18: =H18+I18+J18 | L18: =E18-G18-K18 | M18: =L18/D18 | N18: =L18/E18 | O18: =L18/(D18/(1+Assumptions!$C$2)) | P18: =L18-Assumptions!$C$6 | Q18: =L18 | R18: =Assumptions!$C$7*D18/(1+Assumptions!$C$2)+Assumptions!$C$8 | S18: =L18-R18 | T18: =S18/(E18/(1+Assumptions!$C$2)) | U18: =IF(T18<0.15,"RED",IF(T18<0.3,"YELLOW","GREEN")) | V18: =D18/(1+Assumptions!$C$2)-R18 | W18: =S18-V18 | X18: =E18-G18-E18*Assumptions!$C$3-E18*Assumptions!$C$4*Assumptions!$C$5-MIN(Assumptions!$C$9,Assumptions!$C$10*E18) | Y18: 18 | Z18: =IF(Y18="","",E18/Y18-1)
A19: 18 | B19: مرقوق بيتنا لحم | C19: المروق | D19: 65 | E19: 78 | F19: =E19/D19-1 | G19: =E19*Assumptions!$C$2/(1+Assumptions!$C$2) | H19: =E19*Assumptions!$C$3 | I19: =E19*Assumptions!$C$4*Assumptions!$C$5 | J19: =IF(E19<30,Assumptions!$C$11,LOOKUP(E19,Assumptions!$A$17:$A$21,Assumptions!$B$17:$B$21)) | K19: =H19+I19+J19 | L19: =E19-G19-K19 | M19: =L19/D19 | N19: =L19/E19 | O19: =L19/(D19/(1+Assumptions!$C$2)) | P19: =L19-Assumptions!$C$6 | Q19: =L19 | R19: =Assumptions!$C$7*D19/(1+Assumptions!$C$2)+Assumptions!$C$8 | S19: =L19-R19 | T19: =S19/(E19/(1+Assumptions!$C$2)) | U19: =IF(T19<0.15,"RED",IF(T19<0.3,"YELLOW","GREEN")) | V19: =D19/(1+Assumptions!$C$2)-R19 | W19: =S19-V19 | X19: =E19-G19-E19*Assumptions!$C$3-E19*Assumptions!$C$4*Assumptions!$C$5-MIN(Assumptions!$C$9,Assumptions!$C$10*E19) | Y19: 50 | Z19: =IF(Y19="","",E19/Y19-1)
A20: 19 | B20: مرقوق بيتنا | D20: 35 | E20: 42 | F20: =E20/D20-1 | G20: =E20*Assumptions!$C$2/(1+Assumptions!$C$2) | H20: =E20*Assumptions!$C$3 | I20: =E20*Assumptions!$C$4*Assumptions!$C$5 | J20: =IF(E20<30,Assumptions!$C$11,LOOKUP(E20,Assumptions!$A$17:$A$21,Assumptions!$B$17:$B$21)) | K20: =H20+I20+J20 | L20: =E20-G20-K20 | M20: =L20/D20 | N20: =L20/E20 | O20: =L20/(D20/(1+Assumptions!$C$2)) | P20: =L20-Assumptions!$C$6 | Q20: =L20 | R20: =Assumptions!$C$7*D20/(1+Assumptions!$C$2)+Assumptions!$C$8 | S20: =L20-R20 | T20: =S20/(E20/(1+Assumptions!$C$2)) | U20: =IF(T20<0.15,"RED",IF(T20<0.3,"YELLOW","GREEN")) | V20: =D20/(1+Assumptions!$C$2)-R20 | W20: =S20-V20 | X20: =E20-G20-E20*Assumptions!$C$3-E20*Assumptions!$C$4*Assumptions!$C$5-MIN(Assumptions!$C$9,Assumptions!$C$10*E20) | Y20: 27 | Z20: =IF(Y20="","",E20/Y20-1)
A21: 20 | B21: مرسه بلدي | D21: 33 | E21: 39.6 | F21: =E21/D21-1 | G21: =E21*Assumptions!$C$2/(1+Assumptions!$C$2) | H21: =E21*Assumptions!$C$3 | I21: =E21*Assumptions!$C$4*Assumptions!$C$5 | J21: =IF(E21<30,Assumptions!$C$11,LOOKUP(E21,Assumptions!$A$17:$A$21,Assumptions!$B$17:$B$21)) | K21: =H21+I21+J21 | L21: =E21-G21-K21 | M21: =L21/D21 | N21: =L21/E21 | O21: =L21/(D21/(1+Assumptions!$C$2)) | P21: =L21-Assumptions!$C$6 | Q21: =L21 | R21: =Assumptions!$C$7*D21/(1+Assumptions!$C$2)+Assumptions!$C$8 | S21: =L21-R21 | T21: =S21/(E21/(1+Assumptions!$C$2)) | U21: =IF(T21<0.15,"RED",IF(T21<0.3,"YELLOW","GREEN")) | V21: =D21/(1+Assumptions!$C$2)-R21 | W21: =S21-V21 | X21: =E21-G21-E21*Assumptions!$C$3-E21*Assumptions!$C$4*Assumptions!$C$5-MIN(Assumptions!$C$9,Assumptions!$C$10*E21) | Y21: 25 | Z21: =IF(Y21="","",E21/Y21-1)
A22: 21 | B22: مرسه عادي | D22: 13 | E22: 15.6 | F22: =E22/D22-1 | G22: =E22*Assumptions!$C$2/(1+Assumptions!$C$2) | H22: =E22*Assumptions!$C$3 | I22: =E22*Assumptions!$C$4*Assumptions!$C$5 | J22: =IF(E22<30,Assumptions!$C$11,LOOKUP(E22,Assumptions!$A$17:$A$21,Assumptions!$B$17:$B$21)) | K22: =H22+I22+J22 | L22: =E22-G22-K22 | M22: =L22/D22 | N22: =L22/E22 | O22: =L22/(D22/(1+Assumptions!$C$2)) | P22: =L22-Assumptions!$C$6 | Q22: =L22 | R22: =Assumptions!$C$7*D22/(1+Assumptions!$C$2)+Assumptions!$C$8 | S22: =L22-R22 | T22: =S22/(E22/(1+Assumptions!$C$2)) | U22: =IF(T22<0.15,"RED",IF(T22<0.3,"YELLOW","GREEN")) | V22: =D22/(1+Assumptions!$C$2)-R22 | W22: =S22-V22 | X22: =E22-G22-E22*Assumptions!$C$3-E22*Assumptions!$C$4*Assumptions!$C$5-MIN(Assumptions!$C$9,Assumptions!$C$10*E22) | Y22: 10 | Z22: =IF(Y22="","",E22/Y22-1)
A23: 22 | B23: مرسة دخن | C23: المرسه والفته | D23: 33 | E23: 39.6 | F23: =E23/D23-1 | G23: =E23*Assumptions!$C$2/(1+Assumptions!$C$2) | H23: =E23*Assumptions!$C$3 | I23: =E23*Assumptions!$C$4*Assumptions!$C$5 | J23: =IF(E23<30,Assumptions!$C$11,LOOKUP(E23,Assumptions!$A$17:$A$21,Assumptions!$B$17:$B$21)) | K23: =H23+I23+J23 | L23: =E23-G23-K23 | M23: =L23/D23 | N23: =L23/E23 | O23: =L23/(D23/(1+Assumptions!$C$2)) | P23: =L23-Assumptions!$C$6 | Q23: =L23 | R23: =Assumptions!$C$7*D23/(1+Assumptions!$C$2)+Assumptions!$C$8 | S23: =L23-R23 | T23: =S23/(E23/(1+Assumptions!$C$2)) | U23: =IF(T23<0.15,"RED",IF(T23<0.3,"YELLOW","GREEN")) | V23: =D23/(1+Assumptions!$C$2)-R23 | W23: =S23-V23 | X23: =E23-G23-E23*Assumptions!$C$3-E23*Assumptions!$C$4*Assumptions!$C$5-MIN(Assumptions!$C$9,Assumptions!$C$10*E23) | Z23: =IF(Y23="","",E23/Y23-1) | AA23: الصنف غير موجود في المنيو المطبوع
A24: 23 | B24: فتة حديدي | D24: 13 | E24: 15.6 | F24: =E24/D24-1 | G24: =E24*Assumptions!$C$2/(1+Assumptions!$C$2) | H24: =E24*Assumptions!$C$3 | I24: =E24*Assumptions!$C$4*Assumptions!$C$5 | J24: =IF(E24<30,Assumptions!$C$11,LOOKUP(E24,Assumptions!$A$17:$A$21,Assumptions!$B$17:$B$21)) | K24: =H24+I24+J24 | L24: =E24-G24-K24 | M24: =L24/D24 | N24: =L24/E24 | O24: =L24/(D24/(1+Assumptions!$C$2)) | P24: =L24-Assumptions!$C$6 | Q24: =L24 | R24: =Assumptions!$C$7*D24/(1+Assumptions!$C$2)+Assumptions!$C$8 | S24: =L24-R24 | T24: =S24/(E24/(1+Assumptions!$C$2)) | U24: =IF(T24<0.15,"RED",IF(T24<0.3,"YELLOW","GREEN")) | V24: =D24/(1+Assumptions!$C$2)-R24 | W24: =S24-V24 | X24: =E24-G24-E24*Assumptions!$C$3-E24*Assumptions!$C$4*Assumptions!$C$5-MIN(Assumptions!$C$9,Assumptions!$C$10*E24) | Y24: 10 | Z24: =IF(Y24="","",E24/Y24-1)
A25: 24 | B25: شفوت | D25: 20 | E25: 24 | F25: =E25/D25-1 | G25: =E25*Assumptions!$C$2/(1+Assumptions!$C$2) | H25: =E25*Assumptions!$C$3 | I25: =E25*Assumptions!$C$4*Assumptions!$C$5 | J25: =IF(E25<30,Assumptions!$C$11,LOOKUP(E25,Assumptions!$A$17:$A$21,Assumptions!$B$17:$B$21)) | K25: =H25+I25+J25 | L25: =E25-G25-K25 | M25: =L25/D25 | N25: =L25/E25 | O25: =L25/(D25/(1+Assumptions!$C$2)) | P25: =L25-Assumptions!$C$6 | Q25: =L25 | R25: =Assumptions!$C$7*D25/(1+Assumptions!$C$2)+Assumptions!$C$8 | S25: =L25-R25 | T25: =S25/(E25/(1+Assumptions!$C$2)) | U25: =IF(T25<0.15,"RED",IF(T25<0.3,"YELLOW","GREEN")) | V25: =D25/(1+Assumptions!$C$2)-R25 | W25: =S25-V25 | X25: =E25-G25-E25*Assumptions!$C$3-E25*Assumptions!$C$4*Assumptions!$C$5-MIN(Assumptions!$C$9,Assumptions!$C$10*E25) | Y25: 15 | Z25: =IF(Y25="","",E25/Y25-1)
A26: 25 | B26: ملوخية | D26: 10 | E26: 12 | F26: =E26/D26-1 | G26: =E26*Assumptions!$C$2/(1+Assumptions!$C$2) | H26: =E26*Assumptions!$C$3 | I26: =E26*Assumptions!$C$4*Assumptions!$C$5 | J26: =IF(E26<30,Assumptions!$C$11,LOOKUP(E26,Assumptions!$A$17:$A$21,Assumptions!$B$17:$B$21)) | K26: =H26+I26+J26 | L26: =E26-G26-K26 | M26: =L26/D26 | N26: =L26/E26 | O26: =L26/(D26/(1+Assumptions!$C$2)) | P26: =L26-Assumptions!$C$6 | Q26: =L26 | R26: =Assumptions!$C$7*D26/(1+Assumptions!$C$2)+Assumptions!$C$8 | S26: =L26-R26 | T26: =S26/(E26/(1+Assumptions!$C$2)) | U26: =IF(T26<0.15,"RED",IF(T26<0.3,"YELLOW","GREEN")) | V26: =D26/(1+Assumptions!$C$2)-R26 | W26: =S26-V26 | X26: =E26-G26-E26*Assumptions!$C$3-E26*Assumptions!$C$4*Assumptions!$C$5-MIN(Assumptions!$C$9,Assumptions!$C$10*E26) | Y26: 7 | Z26: =IF(Y26="","",E26/Y26-1)
A27: 26 | B27: مصقعه | C27: ايدامات وحسيه | D27: 10 | E27: 12 | F27: =E27/D27-1 | G27: =E27*Assumptions!$C$2/(1+Assumptions!$C$2) | H27: =E27*Assumptions!$C$3 | I27: =E27*Assumptions!$C$4*Assumptions!$C$5 | J27: =IF(E27<30,Assumptions!$C$11,LOOKUP(E27,Assumptions!$A$17:$A$21,Assumptions!$B$17:$B$21)) | K27: =H27+I27+J27 | L27: =E27-G27-K27 | M27: =L27/D27 | N27: =L27/E27 | O27: =L27/(D27/(1+Assumptions!$C$2)) | P27: =L27-Assumptions!$C$6 | Q27: =L27 | R27: =Assumptions!$C$7*D27/(1+Assumptions!$C$2)+Assumptions!$C$8 | S27: =L27-R27 | T27: =S27/(E27/(1+Assumptions!$C$2)) | U27: =IF(T27<0.15,"RED",IF(T27<0.3,"YELLOW","GREEN")) | V27: =D27/(1+Assumptions!$C$2)-R27 | W27: =S27-V27 | X27: =E27-G27-E27*Assumptions!$C$3-E27*Assumptions!$C$4*Assumptions!$C$5-MIN(Assumptions!$C$9,Assumptions!$C$10*E27) | Y27: 7 | Z27: =IF(Y27="","",E27/Y27-1)
A28: 27 | B28: مشكل ميفى | D28: 11 | E28: 13.2 | F28: =E28/D28-1 | G28: =E28*Assumptions!$C$2/(1+Assumptions!$C$2) | H28: =E28*Assumptions!$C$3 | I28: =E28*Assumptions!$C$4*Assumptions!$C$5 | J28: =IF(E28<30,Assumptions!$C$11,LOOKUP(E28,Assumptions!$A$17:$A$21,Assumptions!$B$17:$B$21)) | K28: =H28+I28+J28 | L28: =E28-G28-K28 | M28: =L28/D28 | N28: =L28/E28 | O28: =L28/(D28/(1+Assumptions!$C$2)) | P28: =L28-Assumptions!$C$6 | Q28: =L28 | R28: =Assumptions!$C$7*D28/(1+Assumptions!$C$2)+Assumptions!$C$8 | S28: =L28-R28 | T28: =S28/(E28/(1+Assumptions!$C$2)) | U28: =IF(T28<0.15,"RED",IF(T28<0.3,"YELLOW","GREEN")) | V28: =D28/(1+Assumptions!$C$2)-R28 | W28: =S28-V28 | X28: =E28-G28-E28*Assumptions!$C$3-E28*Assumptions!$C$4*Assumptions!$C$5-MIN(Assumptions!$C$9,Assumptions!$C$10*E28) | Y28: 8 | Z28: =IF(Y28="","",E28/Y28-1)
A29: 28 | B29: قوار | D29: 13 | E29: 15.6 | F29: =E29/D29-1 | G29: =E29*Assumptions!$C$2/(1+Assumptions!$C$2) | H29: =E29*Assumptions!$C$3 | I29: =E29*Assumptions!$C$4*Assumptions!$C$5 | J29: =IF(E29<30,Assumptions!$C$11,LOOKUP(E29,Assumptions!$A$17:$A$21,Assumptions!$B$17:$B$21)) | K29: =H29+I29+J29 | L29: =E29-G29-K29 | M29: =L29/D29 | N29: =L29/E29 | O29: =L29/(D29/(1+Assumptions!$C$2)) | P29: =L29-Assumptions!$C$6 | Q29: =L29 | R29: =Assumptions!$C$7*D29/(1+Assumptions!$C$2)+Assumptions!$C$8 | S29: =L29-R29 | T29: =S29/(E29/(1+Assumptions!$C$2)) | U29: =IF(T29<0.15,"RED",IF(T29<0.3,"YELLOW","GREEN")) | V29: =D29/(1+Assumptions!$C$2)-R29 | W29: =S29-V29 | X29: =E29-G29-E29*Assumptions!$C$3-E29*Assumptions!$C$4*Assumptions!$C$5-MIN(Assumptions!$C$9,Assumptions!$C$10*E29) | Y29: 10 | Z29: =IF(Y29="","",E29/Y29-1)
A30: 29 | B30: مكشن اندومي | D30: 22 | E30: 26.4 | F30: =E30/D30-1 | G30: =E30*Assumptions!$C$2/(1+Assumptions!$C$2) | H30: =E30*Assumptions!$C$3 | I30: =E30*Assumptions!$C$4*Assumptions!$C$5 | J30: =IF(E30<30,Assumptions!$C$11,LOOKUP(E30,Assumptions!$A$17:$A$21,Assumptions!$B$17:$B$21)) | K30: =H30+I30+J30 | L30: =E30-G30-K30 | M30: =L30/D30 | N30: =L30/E30 | O30: =L30/(D30/(1+Assumptions!$C$2)) | P30: =L30-Assumptions!$C$6 | Q30: =L30 | R30: =Assumptions!$C$7*D30/(1+Assumptions!$C$2)+Assumptions!$C$8 | S30: =L30-R30 | T30: =S30/(E30/(1+Assumptions!$C$2)) | U30: =IF(T30<0.15,"RED",IF(T30<0.3,"YELLOW","GREEN")) | V30: =D30/(1+Assumptions!$C$2)-R30 | W30: =S30-V30 | X30: =E30-G30-E30*Assumptions!$C$3-E30*Assumptions!$C$4*Assumptions!$C$5-MIN(Assumptions!$C$9,Assumptions!$C$10*E30) | Y30: 17 | Z30: =IF(Y30="","",E30/Y30-1)
A31: 30 | B31: رز | D31: 10 | E31: 12 | F31: =E31/D31-1 | G31: =E31*Assumptions!$C$2/(1+Assumptions!$C$2) | H31: =E31*Assumptions!$C$3 | I31: =E31*Assumptions!$C$4*Assumptions!$C$5 | J31: =IF(E31<30,Assumptions!$C$11,LOOKUP(E31,Assumptions!$A$17:$A$21,Assumptions!$B$17:$B$21)) | K31: =H31+I31+J31 | L31: =E31-G31-K31 | M31: =L31/D31 | N31: =L31/E31 | O31: =L31/(D31/(1+Assumptions!$C$2)) | P31: =L31-Assumptions!$C$6 | Q31: =L31 | R31: =Assumptions!$C$7*D31/(1+Assumptions!$C$2)+Assumptions!$C$8 | S31: =L31-R31 | T31: =S31/(E31/(1+Assumptions!$C$2)) | U31: =IF(T31<0.15,"RED",IF(T31<0.3,"YELLOW","GREEN")) | V31: =D31/(1+Assumptions!$C$2)-R31 | W31: =S31-V31 | X31: =E31-G31-E31*Assumptions!$C$3-E31*Assumptions!$C$4*Assumptions!$C$5-MIN(Assumptions!$C$9,Assumptions!$C$10*E31) | Y31: 8 | Z31: =IF(Y31="","",E31/Y31-1)
A32: 31 | B32: مكشن سمك | D32: 58 | E32: 69.6 | F32: =E32/D32-1 | G32: =E32*Assumptions!$C$2/(1+Assumptions!$C$2) | H32: =E32*Assumptions!$C$3 | I32: =E32*Assumptions!$C$4*Assumptions!$C$5 | J32: =IF(E32<30,Assumptions!$C$11,LOOKUP(E32,Assumptions!$A$17:$A$21,Assumptions!$B$17:$B$21)) | K32: =H32+I32+J32 | L32: =E32-G32-K32 | M32: =L32/D32 | N32: =L32/E32 | O32: =L32/(D32/(1+Assumptions!$C$2)) | P32: =L32-Assumptions!$C$6 | Q32: =L32 | R32: =Assumptions!$C$7*D32/(1+Assumptions!$C$2)+Assumptions!$C$8 | S32: =L32-R32 | T32: =S32/(E32/(1+Assumptions!$C$2)) | U32: =IF(T32<0.15,"RED",IF(T32<0.3,"YELLOW","GREEN")) | V32: =D32/(1+Assumptions!$C$2)-R32 | W32: =S32-V32 | X32: =E32-G32-E32*Assumptions!$C$3-E32*Assumptions!$C$4*Assumptions!$C$5-MIN(Assumptions!$C$9,Assumptions!$C$10*E32) | Y32: 45 | Z32: =IF(Y32="","",E32/Y32-1)
A33: 32 | B33: حسيه خمير | D33: 22 | E33: 26.4 | F33: =E33/D33-1 | G33: =E33*Assumptions!$C$2/(1+Assumptions!$C$2) | H33: =E33*Assumptions!$C$3 | I33: =E33*Assumptions!$C$4*Assumptions!$C$5 | J33: =IF(E33<30,Assumptions!$C$11,LOOKUP(E33,Assumptions!$A$17:$A$21,Assumptions!$B$17:$B$21)) | K33: =H33+I33+J33 | L33: =E33-G33-K33 | M33: =L33/D33 | N33: =L33/E33 | O33: =L33/(D33/(1+Assumptions!$C$2)) | P33: =L33-Assumptions!$C$6 | Q33: =L33 | R33: =Assumptions!$C$7*D33/(1+Assumptions!$C$2)+Assumptions!$C$8 | S33: =L33-R33 | T33: =S33/(E33/(1+Assumptions!$C$2)) | U33: =IF(T33<0.15,"RED",IF(T33<0.3,"YELLOW","GREEN")) | V33: =D33/(1+Assumptions!$C$2)-R33 | W33: =S33-V33 | X33: =E33-G33-E33*Assumptions!$C$3-E33*Assumptions!$C$4*Assumptions!$C$5-MIN(Assumptions!$C$9,Assumptions!$C$10*E33) | Y33: 17 | Z33: =IF(Y33="","",E33/Y33-1)
A34: 33 | B34: حسيه لحم خمير | D34: 54 | E34: 64.8 | F34: =E34/D34-1 | G34: =E34*Assumptions!$C$2/(1+Assumptions!$C$2) | H34: =E34*Assumptions!$C$3 | I34: =E34*Assumptions!$C$4*Assumptions!$C$5 | J34: =IF(E34<30,Assumptions!$C$11,LOOKUP(E34,Assumptions!$A$17:$A$21,Assumptions!$B$17:$B$21)) | K34: =H34+I34+J34 | L34: =E34-G34-K34 | M34: =L34/D34 | N34: =L34/E34 | O34: =L34/(D34/(1+Assumptions!$C$2)) | P34: =L34-Assumptions!$C$6 | Q34: =L34 | R34: =Assumptions!$C$7*D34/(1+Assumptions!$C$2)+Assumptions!$C$8 | S34: =L34-R34 | T34: =S34/(E34/(1+Assumptions!$C$2)) | U34: =IF(T34<0.15,"RED",IF(T34<0.3,"YELLOW","GREEN")) | V34: =D34/(1+Assumptions!$C$2)-R34 | W34: =S34-V34 | X34: =E34-G34-E34*Assumptions!$C$3-E34*Assumptions!$C$4*Assumptions!$C$5-MIN(Assumptions!$C$9,Assumptions!$C$10*E34) | Y34: 40 | Z34: =IF(Y34="","",E34/Y34-1)
A35: 34 | B35: حسيه فرق خمير | D35: 27 | E35: 32.4 | F35: =E35/D35-1 | G35: =E35*Assumptions!$C$2/(1+Assumptions!$C$2) | H35: =E35*Assumptions!$C$3 | I35: =E35*Assumptions!$C$4*Assumptions!$C$5 | J35: =IF(E35<30,Assumptions!$C$11,LOOKUP(E35,Assumptions!$A$17:$A$21,Assumptions!$B$17:$B$21)) | K35: =H35+I35+J35 | L35: =E35-G35-K35 | M35: =L35/D35 | N35: =L35/E35 | O35: =L35/(D35/(1+Assumptions!$C$2)) | P35: =L35-Assumptions!$C$6 | Q35: =L35 | R35: =Assumptions!$C$7*D35/(1+Assumptions!$C$2)+Assumptions!$C$8 | S35: =L35-R35 | T35: =S35/(E35/(1+Assumptions!$C$2)) | U35: =IF(T35<0.15,"RED",IF(T35<0.3,"YELLOW","GREEN")) | V35: =D35/(1+Assumptions!$C$2)-R35 | W35: =S35-V35 | X35: =E35-G35-E35*Assumptions!$C$3-E35*Assumptions!$C$4*Assumptions!$C$5-MIN(Assumptions!$C$9,Assumptions!$C$10*E35) | Y35: 20 | Z35: =IF(Y35="","",E35/Y35-1)
A36: 35 | B36: حسيه سمك | D36: 48 | E36: 57.6 | F36: =E36/D36-1 | G36: =E36*Assumptions!$C$2/(1+Assumptions!$C$2) | H36: =E36*Assumptions!$C$3 | I36: =E36*Assumptions!$C$4*Assumptions!$C$5 | J36: =IF(E36<30,Assumptions!$C$11,LOOKUP(E36,Assumptions!$A$17:$A$21,Assumptions!$B$17:$B$21)) | K36: =H36+I36+J36 | L36: =E36-G36-K36 | M36: =L36/D36 | N36: =L36/E36 | O36: =L36/(D36/(1+Assumptions!$C$2)) | P36: =L36-Assumptions!$C$6 | Q36: =L36 | R36: =Assumptions!$C$7*D36/(1+Assumptions!$C$2)+Assumptions!$C$8 | S36: =L36-R36 | T36: =S36/(E36/(1+Assumptions!$C$2)) | U36: =IF(T36<0.15,"RED",IF(T36<0.3,"YELLOW","GREEN")) | V36: =D36/(1+Assumptions!$C$2)-R36 | W36: =S36-V36 | X36: =E36-G36-E36*Assumptions!$C$3-E36*Assumptions!$C$4*Assumptions!$C$5-MIN(Assumptions!$C$9,Assumptions!$C$10*E36) | Y36: 35 | Z36: =IF(Y36="","",E36/Y36-1)
A37: 36 | B37: حسيه لحوح لحم | D37: 48 | E37: 57.6 | F37: =E37/D37-1 | G37: =E37*Assumptions!$C$2/(1+Assumptions!$C$2) | H37: =E37*Assumptions!$C$3 | I37: =E37*Assumptions!$C$4*Assumptions!$C$5 | J37: =IF(E37<30,Assumptions!$C$11,LOOKUP(E37,Assumptions!$A$17:$A$21,Assumptions!$B$17:$B$21)) | K37: =H37+I37+J37 | L37: =E37-G37-K37 | M37: =L37/D37 | N37: =L37/E37 | O37: =L37/(D37/(1+Assumptions!$C$2)) | P37: =L37-Assumptions!$C$6 | Q37: =L37 | R37: =Assumptions!$C$7*D37/(1+Assumptions!$C$2)+Assumptions!$C$8 | S37: =L37-R37 | T37: =S37/(E37/(1+Assumptions!$C$2)) | U37: =IF(T37<0.15,"RED",IF(T37<0.3,"YELLOW","GREEN")) | V37: =D37/(1+Assumptions!$C$2)-R37 | W37: =S37-V37 | X37: =E37-G37-E37*Assumptions!$C$3-E37*Assumptions!$C$4*Assumptions!$C$5-MIN(Assumptions!$C$9,Assumptions!$C$10*E37) | Y37: 35 | Z37: =IF(Y37="","",E37/Y37-1)
A38: 37 | B38: حسيه دقيق لحم | D38: 48 | E38: 57.6 | F38: =E38/D38-1 | G38: =E38*Assumptions!$C$2/(1+Assumptions!$C$2) | H38: =E38*Assumptions!$C$3 | I38: =E38*Assumptions!$C$4*Assumptions!$C$5 | J38: =IF(E38<30,Assumptions!$C$11,LOOKUP(E38,Assumptions!$A$17:$A$21,Assumptions!$B$17:$B$21)) | K38: =H38+I38+J38 | L38: =E38-G38-K38 | M38: =L38/D38 | N38: =L38/E38 | O38: =L38/(D38/(1+Assumptions!$C$2)) | P38: =L38-Assumptions!$C$6 | Q38: =L38 | R38: =Assumptions!$C$7*D38/(1+Assumptions!$C$2)+Assumptions!$C$8 | S38: =L38-R38 | T38: =S38/(E38/(1+Assumptions!$C$2)) | U38: =IF(T38<0.15,"RED",IF(T38<0.3,"YELLOW","GREEN")) | V38: =D38/(1+Assumptions!$C$2)-R38 | W38: =S38-V38 | X38: =E38-G38-E38*Assumptions!$C$3-E38*Assumptions!$C$4*Assumptions!$C$5-MIN(Assumptions!$C$9,Assumptions!$C$10*E38) | Y38: 35 | Z38: =IF(Y38="","",E38/Y38-1)
A39: 38 | B39: حسيه بيتنا (عزبه) | D39: 62 | E39: 74.4 | F39: =E39/D39-1 | G39: =E39*Assumptions!$C$2/(1+Assumptions!$C$2) | H39: =E39*Assumptions!$C$3 | I39: =E39*Assumptions!$C$4*Assumptions!$C$5 | J39: =IF(E39<30,Assumptions!$C$11,LOOKUP(E39,Assumptions!$A$17:$A$21,Assumptions!$B$17:$B$21)) | K39: =H39+I39+J39 | L39: =E39-G39-K39 | M39: =L39/D39 | N39: =L39/E39 | O39: =L39/(D39/(1+Assumptions!$C$2)) | P39: =L39-Assumptions!$C$6 | Q39: =L39 | R39: =Assumptions!$C$7*D39/(1+Assumptions!$C$2)+Assumptions!$C$8 | S39: =L39-R39 | T39: =S39/(E39/(1+Assumptions!$C$2)) | U39: =IF(T39<0.15,"RED",IF(T39<0.3,"YELLOW","GREEN")) | V39: =D39/(1+Assumptions!$C$2)-R39 | W39: =S39-V39 | X39: =E39-G39-E39*Assumptions!$C$3-E39*Assumptions!$C$4*Assumptions!$C$5-MIN(Assumptions!$C$9,Assumptions!$C$10*E39) | Y39: 45 | Z39: =IF(Y39="","",E39/Y39-1)
... A43: 42 | B43: سلطه شرائح | D43: 10 | E43: 12 | F43: =E43/D43-1 | G43: =E43*Assumptions!$C$2/(1+Assumptions!$C$2) | H43: =E43*Assumptions!$C$3 | I43: =E43*Assumptions!$C$4*Assumptions!$C$5 | J43: =IF(E43<30,Assumptions!$C$11,LOOKUP(E43,Assumptions!$A$17:$A$21,Assumptions!$B$17:$B$21)) | K43: =H43+I43+J43 | L43: =E43-G43-K43 | M43: =L43/D43 | N43: =L43/E43 | O43: =L43/(D43/(1+Assumptions!$C$2)) | P43: =L43-Assumptions!$C$6 | Q43: =L43 | R43: =Assumptions!$C$7*D43/(1+Assumptions!$C$2)+Assumptions!$C$8 | S43: =L43-R43 | T43: =S43/(E43/(1+Assumptions!$C$2)) | U43: =IF(T43<0.15,"RED",IF(T43<0.3,"YELLOW","GREEN")) | V43: =D43/(1+Assumptions!$C$2)-R43 | W43: =S43-V43 | X43: =E43-G43-E43*Assumptions!$C$3-E43*Assumptions!$C$4*Assumptions!$C$5-MIN(Assumptions!$C$9,Assumptions!$C$10*E43) | Y43: 8 | Z43: =IF(Y43="","",E43/Y43-1)
A44: 43 | B44: سلطة خضراء | C44: مقبلات | D44: 8 | E44: 9 | F44: =E44/D44-1 | G44: =E44*Assumptions!$C$2/(1+Assumptions!$C$2) | H44: =E44*Assumptions!$C$3 | I44: =E44*Assumptions!$C$4*Assumptions!$C$5 | J44: =IF(E44<30,Assumptions!$C$11,LOOKUP(E44,Assumptions!$A$17:$A$21,Assumptions!$B$17:$B$21)) | K44: =H44+I44+J44 | L44: =E44-G44-K44 | M44: =L44/D44 | N44: =L44/E44 | O44: =L44/(D44/(1+Assumptions!$C$2)) | P44: =L44-Assumptions!$C$6 | Q44: =L44 | R44: =Assumptions!$C$7*D44/(1+Assumptions!$C$2)+Assumptions!$C$8 | S44: =L44-R44 | T44: =S44/(E44/(1+Assumptions!$C$2)) | U44: =IF(T44<0.15,"RED",IF(T44<0.3,"YELLOW","GREEN")) | V44: =D44/(1+Assumptions!$C$2)-R44 | W44: =S44-V44 | X44: =E44-G44-E44*Assumptions!$C$3-E44*Assumptions!$C$4*Assumptions!$C$5-MIN(Assumptions!$C$9,Assumptions!$C$10*E44) | Y44: 6 | Z44: =IF(Y44="","",E44/Y44-1) | AA44: سعر HS مكتوب يدوياً ولا يساوي D×1.2
A45: 44 | B45: سلطة زبادي خيار | D45: 7 | E45: 8 | F45: =E45/D45-1 | G45: =E45*Assumptions!$C$2/(1+Assumptions!$C$2) | H45: =E45*Assumptions!$C$3 | I45: =E45*Assumptions!$C$4*Assumptions!$C$5 | J45: =IF(E45<30,Assumptions!$C$11,LOOKUP(E45,Assumptions!$A$17:$A$21,Assumptions!$B$17:$B$21)) | K45: =H45+I45+J45 | L45: =E45-G45-K45 | M45: =L45/D45 | N45: =L45/E45 | O45: =L45/(D45/(1+Assumptions!$C$2)) | P45: =L45-Assumptions!$C$6 | Q45: =L45 | R45: =Assumptions!$C$7*D45/(1+Assumptions!$C$2)+Assumptions!$C$8 | S45: =L45-R45 | T45: =S45/(E45/(1+Assumptions!$C$2)) | U45: =IF(T45<0.15,"RED",IF(T45<0.3,"YELLOW","GREEN")) | V45: =D45/(1+Assumptions!$C$2)-R45 | W45: =S45-V45 | X45: =E45-G45-E45*Assumptions!$C$3-E45*Assumptions!$C$4*Assumptions!$C$5-MIN(Assumptions!$C$9,Assumptions!$C$10*E45) | Y45: 5 | Z45: =IF(Y45="","",E45/Y45-1) | AA45: سعر HS مكتوب يدوياً ولا يساوي D×1.2
A46: 45 | B46: زبادي | D46: 3 | E46: 3.6 | F46: =E46/D46-1 | G46: =E46*Assumptions!$C$2/(1+Assumptions!$C$2) | H46: =E46*Assumptions!$C$3 | I46: =E46*Assumptions!$C$4*Assumptions!$C$5 | J46: =IF(E46<30,Assumptions!$C$11,LOOKUP(E46,Assumptions!$A$17:$A$21,Assumptions!$B$17:$B$21)) | K46: =H46+I46+J46 | L46: =E46-G46-K46 | M46: =L46/D46 | N46: =L46/E46 | O46: =L46/(D46/(1+Assumptions!$C$2)) | P46: =L46-Assumptions!$C$6 | Q46: =L46 | R46: =Assumptions!$C$7*D46/(1+Assumptions!$C$2)+Assumptions!$C$8 | S46: =L46-R46 | T46: =S46/(E46/(1+Assumptions!$C$2)) | U46: =IF(T46<0.15,"RED",IF(T46<0.3,"YELLOW","GREEN")) | V46: =D46/(1+Assumptions!$C$2)-R46 | W46: =S46-V46 | X46: =E46-G46-E46*Assumptions!$C$3-E46*Assumptions!$C$4*Assumptions!$C$5-MIN(Assumptions!$C$9,Assumptions!$C$10*E46) | Y46: 2 | Z46: =IF(Y46="","",E46/Y46-1)
A47: 46 | B47: بسباس | D47: 10 | E47: 12 | F47: =E47/D47-1 | G47: =E47*Assumptions!$C$2/(1+Assumptions!$C$2) | H47: =E47*Assumptions!$C$3 | I47: =E47*Assumptions!$C$4*Assumptions!$C$5 | J47: =IF(E47<30,Assumptions!$C$11,LOOKUP(E47,Assumptions!$A$17:$A$21,Assumptions!$B$17:$B$21)) | K47: =H47+I47+J47 | L47: =E47-G47-K47 | M47: =L47/D47 | N47: =L47/E47 | O47: =L47/(D47/(1+Assumptions!$C$2)) | P47: =L47-Assumptions!$C$6 | Q47: =L47 | R47: =Assumptions!$C$7*D47/(1+Assumptions!$C$2)+Assumptions!$C$8 | S47: =L47-R47 | T47: =S47/(E47/(1+Assumptions!$C$2)) | U47: =IF(T47<0.15,"RED",IF(T47<0.3,"YELLOW","GREEN")) | V47: =D47/(1+Assumptions!$C$2)-R47 | W47: =S47-V47 | X47: =E47-G47-E47*Assumptions!$C$3-E47*Assumptions!$C$4*Assumptions!$C$5-MIN(Assumptions!$C$9,Assumptions!$C$10*E47) | Y47: 8 | Z47: =IF(Y47="","",E47/Y47-1)
A48: 47 | B48: سحاوق | D48: 7 | E48: 8 | F48: =E48/D48-1 | G48: =E48*Assumptions!$C$2/(1+Assumptions!$C$2) | H48: =E48*Assumptions!$C$3 | I48: =E48*Assumptions!$C$4*Assumptions!$C$5 | J48: =IF(E48<30,Assumptions!$C$11,LOOKUP(E48,Assumptions!$A$17:$A$21,Assumptions!$B$17:$B$21)) | K48: =H48+I48+J48 | L48: =E48-G48-K48 | M48: =L48/D48 | N48: =L48/E48 | O48: =L48/(D48/(1+Assumptions!$C$2)) | P48: =L48-Assumptions!$C$6 | Q48: =L48 | R48: =Assumptions!$C$7*D48/(1+Assumptions!$C$2)+Assumptions!$C$8 | S48: =L48-R48 | T48: =S48/(E48/(1+Assumptions!$C$2)) | U48: =IF(T48<0.15,"RED",IF(T48<0.3,"YELLOW","GREEN")) | V48: =D48/(1+Assumptions!$C$2)-R48 | W48: =S48-V48 | X48: =E48-G48-E48*Assumptions!$C$3-E48*Assumptions!$C$4*Assumptions!$C$5-MIN(Assumptions!$C$9,Assumptions!$C$10*E48) | Y48: 5 | Z48: =IF(Y48="","",E48/Y48-1) | AA48: سعر HS مكتوب يدوياً ولا يساوي D×1.2
A49: 48 | B49: حبحب | D49: 7 | E49: 8 | F49: =E49/D49-1 | G49: =E49*Assumptions!$C$2/(1+Assumptions!$C$2) | H49: =E49*Assumptions!$C$3 | I49: =E49*Assumptions!$C$4*Assumptions!$C$5 | J49: =IF(E49<30,Assumptions!$C$11,LOOKUP(E49,Assumptions!$A$17:$A$21,Assumptions!$B$17:$B$21)) | K49: =H49+I49+J49 | L49: =E49-G49-K49 | M49: =L49/D49 | N49: =L49/E49 | O49: =L49/(D49/(1+Assumptions!$C$2)) | P49: =L49-Assumptions!$C$6 | Q49: =L49 | R49: =Assumptions!$C$7*D49/(1+Assumptions!$C$2)+Assumptions!$C$8 | S49: =L49-R49 | T49: =S49/(E49/(1+Assumptions!$C$2)) | U49: =IF(T49<0.15,"RED",IF(T49<0.3,"YELLOW","GREEN")) | V49: =D49/(1+Assumptions!$C$2)-R49 | W49: =S49-V49 | X49: =E49-G49-E49*Assumptions!$C$3-E49*Assumptions!$C$4*Assumptions!$C$5-MIN(Assumptions!$C$9,Assumptions!$C$10*E49) | Y49: 5 | Z49: =IF(Y49="","",E49/Y49-1) | AA49: سعر HS مكتوب يدوياً ولا يساوي D×1.2
A50: 49 | B50: زبادي مصلح | D50: 7 | E50: 8 | F50: =E50/D50-1 | G50: =E50*Assumptions!$C$2/(1+Assumptions!$C$2) | H50: =E50*Assumptions!$C$3 | I50: =E50*Assumptions!$C$4*Assumptions!$C$5 | J50: =IF(E50<30,Assumptions!$C$11,LOOKUP(E50,Assumptions!$A$17:$A$21,Assumptions!$B$17:$B$21)) | K50: =H50+I50+J50 | L50: =E50-G50-K50 | M50: =L50/D50 | N50: =L50/E50 | O50: =L50/(D50/(1+Assumptions!$C$2)) | P50: =L50-Assumptions!$C$6 | Q50: =L50 | R50: =Assumptions!$C$7*D50/(1+Assumptions!$C$2)+Assumptions!$C$8 | S50: =L50-R50 | T50: =S50/(E50/(1+Assumptions!$C$2)) | U50: =IF(T50<0.15,"RED",IF(T50<0.3,"YELLOW","GREEN")) | V50: =D50/(1+Assumptions!$C$2)-R50 | W50: =S50-V50 | X50: =E50-G50-E50*Assumptions!$C$3-E50*Assumptions!$C$4*Assumptions!$C$5-MIN(Assumptions!$C$9,Assumptions!$C$10*E50) | Y50: 4 | Z50: =IF(Y50="","",E50/Y50-1) | AA50: سعر HS مكتوب يدوياً ولا يساوي D×1.2
A51: 50 | B51: دقيق | D51: 7 | E51: 8 | F51: =E51/D51-1 | G51: =E51*Assumptions!$C$2/(1+Assumptions!$C$2) | H51: =E51*Assumptions!$C$3 | I51: =E51*Assumptions!$C$4*Assumptions!$C$5 | J51: =IF(E51<30,Assumptions!$C$11,LOOKUP(E51,Assumptions!$A$17:$A$21,Assumptions!$B$17:$B$21)) | K51: =H51+I51+J51 | L51: =E51-G51-K51 | M51: =L51/D51 | N51: =L51/E51 | O51: =L51/(D51/(1+Assumptions!$C$2)) | P51: =L51-Assumptions!$C$6 | Q51: =L51 | R51: =Assumptions!$C$7*D51/(1+Assumptions!$C$2)+Assumptions!$C$8 | S51: =L51-R51 | T51: =S51/(E51/(1+Assumptions!$C$2)) | U51: =IF(T51<0.15,"RED",IF(T51<0.3,"YELLOW","GREEN")) | V51: =D51/(1+Assumptions!$C$2)-R51 | W51: =S51-V51 | X51: =E51-G51-E51*Assumptions!$C$3-E51*Assumptions!$C$4*Assumptions!$C$5-MIN(Assumptions!$C$9,Assumptions!$C$10*E51) | Y51: 5 | Z51: =IF(Y51="","",E51/Y51-1) | AA51: سعر HS مكتوب يدوياً ولا يساوي D×1.2
A52: 51 | B52: خمير | D52: 7 | E52: 8 | F52: =E52/D52-1 | G52: =E52*Assumptions!$C$2/(1+Assumptions!$C$2) | H52: =E52*Assumptions!$C$3 | I52: =E52*Assumptions!$C$4*Assumptions!$C$5 | J52: =IF(E52<30,Assumptions!$C$11,LOOKUP(E52,Assumptions!$A$17:$A$21,Assumptions!$B$17:$B$21)) | K52: =H52+I52+J52 | L52: =E52-G52-K52 | M52: =L52/D52 | N52: =L52/E52 | O52: =L52/(D52/(1+Assumptions!$C$2)) | P52: =L52-Assumptions!$C$6 | Q52: =L52 | R52: =Assumptions!$C$7*D52/(1+Assumptions!$C$2)+Assumptions!$C$8 | S52: =L52-R52 | T52: =S52/(E52/(1+Assumptions!$C$2)) | U52: =IF(T52<0.15,"RED",IF(T52<0.3,"YELLOW","GREEN")) | V52: =D52/(1+Assumptions!$C$2)-R52 | W52: =S52-V52 | X52: =E52-G52-E52*Assumptions!$C$3-E52*Assumptions!$C$4*Assumptions!$C$5-MIN(Assumptions!$C$9,Assumptions!$C$10*E52) | Y52: 5 | Z52: =IF(Y52="","",E52/Y52-1) | AA52: سعر HS مكتوب يدوياً ولا يساوي D×1.2
A53: 52 | B53: بيبسي | D53: 4 | E53: 4 | F53: =E53/D53-1 | G53: =E53*Assumptions!$C$2/(1+Assumptions!$C$2) | H53: =E53*Assumptions!$C$3 | I53: =E53*Assumptions!$C$4*Assumptions!$C$5 | J53: =IF(E53<30,Assumptions!$C$11,LOOKUP(E53,Assumptions!$A$17:$A$21,Assumptions!$B$17:$B$21)) | K53: =H53+I53+J53 | L53: =E53-G53-K53 | M53: =L53/D53 | N53: =L53/E53 | O53: =L53/(D53/(1+Assumptions!$C$2)) | P53: =L53-Assumptions!$C$6 | Q53: =L53 | R53: =Assumptions!$C$7*D53/(1+Assumptions!$C$2)+Assumptions!$C$8 | S53: =L53-R53 | T53: =S53/(E53/(1+Assumptions!$C$2)) | U53: =IF(T53<0.15,"RED",IF(T53<0.3,"YELLOW","GREEN")) | V53: =D53/(1+Assumptions!$C$2)-R53 | W53: =S53-V53 | X53: =E53-G53-E53*Assumptions!$C$3-E53*Assumptions!$C$4*Assumptions!$C$5-MIN(Assumptions!$C$9,Assumptions!$C$10*E53) | Y53: 2.5 | Z53: =IF(Y53="","",E53/Y53-1) | AA53: سعر HS مكتوب يدوياً ولا يساوي D×1.2
A54: 53 | B54: حمضيات | D54: 2.5 | E54: 4 | F54: =E54/D54-1 | G54: =E54*Assumptions!$C$2/(1+Assumptions!$C$2) | H54: =E54*Assumptions!$C$3 | I54: =E54*Assumptions!$C$4*Assumptions!$C$5 | J54: =IF(E54<30,Assumptions!$C$11,LOOKUP(E54,Assumptions!$A$17:$A$21,Assumptions!$B$17:$B$21)) | K54: =H54+I54+J54 | L54: =E54-G54-K54 | M54: =L54/D54 | N54: =L54/E54 | O54: =L54/(D54/(1+Assumptions!$C$2)) | P54: =L54-Assumptions!$C$6 | Q54: =L54 | R54: =Assumptions!$C$7*D54/(1+Assumptions!$C$2)+Assumptions!$C$8 | S54: =L54-R54 | T54: =S54/(E54/(1+Assumptions!$C$2)) | U54: =IF(T54<0.15,"RED",IF(T54<0.3,"YELLOW","GREEN")) | V54: =D54/(1+Assumptions!$C$2)-R54 | W54: =S54-V54 | X54: =E54-G54-E54*Assumptions!$C$3-E54*Assumptions!$C$4*Assumptions!$C$5-MIN(Assumptions!$C$9,Assumptions!$C$10*E54) | Y54: 2.5 | Z54: =IF(Y54="","",E54/Y54-1) | AA54: لا يوجد سعر D في الإكسل (خانة فارغة) - استُخدم سعر المنيو 2.5 كسعر مباشر؛ سعر HS=4 مكتوب يدوياً
A55: 54 | B55: سفن اب | D55: 2.5 | E55: 4 | F55: =E55/D55-1 | G55: =E55*Assumptions!$C$2/(1+Assumptions!$C$2) | H55: =E55*Assumptions!$C$3 | I55: =E55*Assumptions!$C$4*Assumptions!$C$5 | J55: =IF(E55<30,Assumptions!$C$11,LOOKUP(E55,Assumptions!$A$17:$A$21,Assumptions!$B$17:$B$21)) | K55: =H55+I55+J55 | L55: =E55-G55-K55 | M55: =L55/D55 | N55: =L55/E55 | O55: =L55/(D55/(1+Assumptions!$C$2)) | P55: =L55-Assumptions!$C$6 | Q55: =L55 | R55: =Assumptions!$C$7*D55/(1+Assumptions!$C$2)+Assumptions!$C$8 | S55: =L55-R55 | T55: =S55/(E55/(1+Assumptions!$C$2)) | U55: =IF(T55<0.15,"RED",IF(T55<0.3,"YELLOW","GREEN")) | V55: =D55/(1+Assumptions!$C$2)-R55 | W55: =S55-V55 | X55: =E55-G55-E55*Assumptions!$C$3-E55*Assumptions!$C$4*Assumptions!$C$5-MIN(Assumptions!$C$9,Assumptions!$C$10*E55) | Y55: 2.5 | Z55: =IF(Y55="","",E55/Y55-1) | AA55: لا يوجد سعر D في الإكسل (خانة فارغة) - استُخدم سعر المنيو 2.5 كسعر مباشر؛ سعر HS=4 مكتوب يدوياً
A56: 55 | B56: لبن المراعى | C56: مشروبات | D56: 3 | E56: 3 | F56: =E56/D56-1 | G56: =E56*Assumptions!$C$2/(1+Assumptions!$C$2) | H56: =E56*Assumptions!$C$3 | I56: =E56*Assumptions!$C$4*Assumptions!$C$5 | J56: =IF(E56<30,Assumptions!$C$11,LOOKUP(E56,Assumptions!$A$17:$A$21,Assumptions!$B$17:$B$21)) | K56: =H56+I56+J56 | L56: =E56-G56-K56 | M56: =L56/D56 | N56: =L56/E56 | O56: =L56/(D56/(1+Assumptions!$C$2)) | P56: =L56-Assumptions!$C$6 | Q56: =L56 | R56: =Assumptions!$C$7*D56/(1+Assumptions!$C$2)+Assumptions!$C$8 | S56: =L56-R56 | T56: =S56/(E56/(1+Assumptions!$C$2)) | U56: =IF(T56<0.15,"RED",IF(T56<0.3,"YELLOW","GREEN")) | V56: =D56/(1+Assumptions!$C$2)-R56 | W56: =S56-V56 | X56: =E56-G56-E56*Assumptions!$C$3-E56*Assumptions!$C$4*Assumptions!$C$5-MIN(Assumptions!$C$9,Assumptions!$C$10*E56) | Y56: 2 | Z56: =IF(Y56="","",E56/Y56-1) | AA56: سعر HS مكتوب يدوياً ولا يساوي D×1.2
A57: 56 | B57: ماء | D57: 2 | E57: 2 | F57: =E57/D57-1 | G57: =E57*Assumptions!$C$2/(1+Assumptions!$C$2) | H57: =E57*Assumptions!$C$3 | I57: =E57*Assumptions!$C$4*Assumptions!$C$5 | J57: =IF(E57<30,Assumptions!$C$11,LOOKUP(E57,Assumptions!$A$17:$A$21,Assumptions!$B$17:$B$21)) | K57: =H57+I57+J57 | L57: =E57-G57-K57 | M57: =L57/D57 | N57: =L57/E57 | O57: =L57/(D57/(1+Assumptions!$C$2)) | P57: =L57-Assumptions!$C$6 | Q57: =L57 | R57: =Assumptions!$C$7*D57/(1+Assumptions!$C$2)+Assumptions!$C$8 | S57: =L57-R57 | T57: =S57/(E57/(1+Assumptions!$C$2)) | U57: =IF(T57<0.15,"RED",IF(T57<0.3,"YELLOW","GREEN")) | V57: =D57/(1+Assumptions!$C$2)-R57 | W57: =S57-V57 | X57: =E57-G57-E57*Assumptions!$C$3-E57*Assumptions!$C$4*Assumptions!$C$5-MIN(Assumptions!$C$9,Assumptions!$C$10*E57) | Y57: 1 | Z57: =IF(Y57="","",E57/Y57-1) | AA57: سعر HS مكتوب يدوياً ولا يساوي D×1.2

Sheet Analysis_Tables
A2: تقييم عرض هنقرستيشن لمطعم «أكلات بيتنا» — نموذج قرار مالي
A4: الخلاصة في 8 أسطر
A6: 0) تفريق الحقائق عن الحسابات عن الافتراضات
A7: # | B7: الافتراض | C7: ملاحظة
A8: C1 | B8: أسعار المنيو والإكسل **شاملة** ضريبة القيمة المضافة 15% | C8: نظاماً أسعار المستهلك تُعرض شاملة الضريبة؛ لكن المستندات لم تذكر ذلك
A9: C2 | B9: نسبتا 21% و2.5% تُحسبان على **إجمالي الطلب شامل الضريبة** | C9: العقد: «من إجمالي قيمة الطلبات» + شرائح السلة شاملة الضريبة. **غير محسوم** → أعرض متغيراً بديلاً (ب)
A10: C3 | B10: ضريبة القيمة المضافة على فواتير المنصة قابلة للاسترداد (المطعم مسجل: رقم ضريبي موجود بالعقد) | C10: إن لم تكن قابلة للاسترداد ترتفع التكلفة ×1.15
A11: C4 | B11: جدول 7/8/9/11/13 ريال = مبلغ **يتحمله المطعم** عن كل طلب توصيل (صافٍ، بدون ضريبة إضافية) | C11: تفسير؛ النص لا يقول صراحة «يخصم من المطعم»
A12: C5 | B12: سلة أقل من 30 ريال: 7 ريال (أقل شريحة) | C12: العقد لا يعرّف شريحة أقل من 30 — فراغ تعاقدي
A13: C6 | B13: 100% من الطلبات مدفوعة إلكترونياً (تُطبق 2.5%) | C13: متحفظ؛ العقد يسميها «عمولة الدفع الإلكتروني»
A14: C7 | B14: عمود D في الإكسل = سعر المطعم الحالي المباشر، وعمود F = سعر هنقرستيشن (D×1.2) | C14: يتفق مع قولك إنك ترفع ~20%؛ لكن D ≠ المنيو المطبوع (قسم 13)
A15: C8 | B15: تكلفة الطعام = **32%** من سعر البيع المباشر بدون ضريبة + **2 ريال** تغليف/طلب | C15: **لم تُعطَ تكلفة** — أرقام مؤقتة يجب استبدالها بتكلفة الوصفات
A16: C9 | B16: الاستلام: العميل خصم 20%، المطعم يتحمل min(2.5 ريال، قيمة الخصم) والباقي على المنصة، والعمولة 21% على السعر الكامل | C16: نص العقد متناقض (قسم 13)
A17: C10 | B17: الاشتراك 200 ريال/شهر لمدة 4 أشهر (أكتوبر–يناير) والطابعة 500 ريال موزعة على 12 شهراً | C17: العقد يذكر مبلغ 200 وتاريخي بداية/نهاية فقط
A18: C11 | B18: رسوم توصيل يدفعها العميل (إن وُجدت) لا تعود للمطعم | C18: غير مذكورة في العقد
A19: C12 | B19: حدود التصنيف: 🔴 CM<15% · 🟡 15–30% · 🟢 ≥30% (من سعر HS بدون ضريبة) | C19: **تعريفي أنا** وليست من المستندات: 15% ≈ الحد الأدنى لتغطية هدر/استرجاع/عمالة تحضير؛ 30% ≈ نصف هامش البيع المباشر تقريباً
A21: 1) الشروط التجارية المستخرجة من العقد
A22: البند | B22: القيمة/النص | C22: الموضع
A23: عمولة توصيل هنقرستيشن | B23: **21.00%** من «إجمالي قيمة الطلبات»؛ تستمر طوال مدة العقد | C23: ص4 — خامساً-أ جدول «رسوم الخدمة الشهرية»
A24: عمولة الدفع الإلكتروني | B24: **2.50%** (نفس الأساس؛ لا يوضح العقد هل تنطبق على كل طلب) | C24: ص4 — خامساً-أ
A25: عمولة الاستلام من المتجر (Pickup) | B25: **21.00%** (مثل التوصيل تماماً) | C25: ص4 — خامساً-أ
A26: الاشتراك الشهري | B26: **200.00 ريال** — بداية 01/10/2026، نهاية 01/02/2027 (غير واضح: 200 شهرياً لـ4 أشهر أم 200 إجمالاً) | C26: ص4 — خامساً-ب
A27: رسوم الطابعة (دفعة واحدة) | B27: **500.00 ريال** طابعة V2s، بدون خصم، بداية 30/09/2026 | C27: ص4 — خامساً-ب
A28: رسوم تسجيل | B28: غير مذكورة | C28: —
A29: مساهمة المطعم في الخصومات | B29: الاستلام فقط: حد أقصى **2.5 ريال/طلب** (وإن كان الخصم أقل من 2.5 يتحمل المطعم كامله) إضافة للعمولة 21%؛ لا توجد خصومات توصيل/حملات منصوص عليها | C29: ص5 — خامساً-جـ (Pick up - Advanced Package)
A30: مساهمة هنقرستيشن في الخصومات | B30: خصم الاستلام «يبدأ من 20%» ويُموَّل الباقي من الطرف الأول؛ له تغيير النسبة وتحديد سقف عدد الطلبات وسقف الخصم للطلب | C30: ص5 — نفس البند
A31: مساهمة المطعم في تخفيض رسوم التوصيل (حسب السلة شاملة الضريبة) | B31: 30–39.99: **7** · 40–49.99: **8** · 50–59.99: **9** · 60–79.99: **11** · +80: **13** ريال؛ إلزامية طوال العقد؛ معايير التخفيض (مسافة، قيمة السلة…) «بإرادة الطرف الأول المنفردة». **لا توجد شريحة لأقل من 30** | C31: ص5–ص6 — (د) رسوم التوصيل المخفضة + اللقطة المرفقة (مطابقة للعقد)
A32: إضافة HPlus | B32: **+4 ريال/طلب** على المطعم لطلبات عملاء HPlus فقط (لا يدفع العميل رسوم توصيل) | C32: ص6 — (د)
A33: ضريبة القيمة المضافة | B33: ذُكرت **فقط** في: «نطاق السلة بالقيمة الإجمالية شاملة الضريبة». لا نص عن ضريبة على العمولات أو أساس احتسابها. الرقم الضريبي للمطعم في ص1 | C33: ص6 / ص1
... A40: بنود أخرى مؤثرة | B40: منع التنازل عن العقد دون موافقة؛ نزاع: ودي 30 يوماً ثم محاكم الرياض؛ المطعم مسؤول عن تحديث بيانات التواصل وأي إشعار على آخر وسيلة نافذ | C40: ص3 — رابعاً
A42: 2) تحليل كل صنف (56 صنفاً في الإكسل)
A43: # | B43: الصنف | C43: سعر المطعم | D43: سعر HS | E43: الزيادة | F43: ضريبة مضمنة | G43: عمولة 21% | H43: دفع 2.5% | I43: توصيل | J43: إجمالي خصومات المنصة | K43: الصافي قبل التكلفة | L43: % من سعر المطعم | M43: % من سعر HS | N43: أقصى تكلفة طعام+تغليف | O43: صافي لو HPlus
A44: 1 | B44: نفر حنيد بيتنا | C44: 105 | D44: 126 | E44: 20% | F44: 16.43 | G44: 26.46 | H44: 3.15 | I44: 13 | J44: 42.61 | K44: 66.96 | L44: 64% | M44: 53% | N44: 66.96 | O44: 62.96
A45: 2 | B45: حنيذ جيزاني | C45: 100 | D45: 120 | E45: 20% | F45: 15.65 | G45: 25.2 | H45: 3 | I45: 13 | J45: 41.2 | K45: 63.15 | L45: 63% | M45: 53% | N45: 63.15 | O45: 59.15
A46: 3 | B46: كبسة لحم | C46: 98 | D46: 117.6 | E46: 20% | F46: 15.34 | G46: 24.7 | H46: 2.94 | I46: 13 | J46: 40.64 | K46: 61.62 | L46: 63% | M46: 52% | N46: 61.62 | O46: 57.62
A47: 4 | B47: برمة لحم مع الرز | C47: 48 | D47: 57.6 | E47: 20% | F47: 7.51 | G47: 12.1 | H47: 1.44 | I47: 9 | J47: 22.54 | K47: 27.55 | L47: 57% | M47: 48% | N47: 27.55 | O47: 23.55
A48: 5 | B48: مغش لحم | C48: 59 | D48: 70.8 | E48: 20% | F48: 9.23 | G48: 14.87 | H48: 1.77 | I48: 11 | J48: 27.64 | K48: 33.93 | L48: 58% | M48: 48% | N48: 33.93 | O48: 29.93
A49: 6 | B49: ربع شواية مع الرز | C49: 19 | D49: 22.8 | E49: 20% | F49: 2.97 | G49: 4.79 | H49: 0.57 | I49: 7 | J49: 12.36 | K49: 7.47 | L49: 39% | M49: 33% | N49: 7.47 | O49: 3.47
A50: 7 | B50: نص شواية مع الرز | C50: 27 | D50: 32.4 | E50: 20% | F50: 4.23 | G50: 6.8 | H50: 0.81 | I50: 7 | J50: 14.61 | K50: 13.56 | L50: 50% | M50: 42% | N50: 13.56 | O50: 9.56
A51: 8 | B51: حبه شوايه مع الرز | C51: 55 | D51: 66 | E51: 20% | F51: 8.61 | G51: 13.86 | H51: 1.65 | I51: 11 | J51: 26.51 | K51: 30.88 | L51: 56% | M51: 47% | N51: 30.88 | O51: 26.88
A52: 9 | B52: حبه مقلوبه مع الرز | C52: 55 | D52: 66 | E52: 20% | F52: 8.61 | G52: 13.86 | H52: 1.65 | I52: 11 | J52: 26.51 | K52: 30.88 | L52: 56% | M52: 47% | N52: 30.88 | O52: 26.88
A53: 10 | B53: نص مضغوط | C53: 27 | D53: 32.4 | E53: 20% | F53: 4.23 | G53: 6.8 | H53: 0.81 | I53: 7 | J53: 14.61 | K53: 13.56 | L53: 50% | M53: 42% | N53: 13.56 | O53: 9.56
A54: 11 | B54: نص ميفى مع الرز | C54: 27 | D54: 32.4 | E54: 20% | F54: 4.23 | G54: 6.8 | H54: 0.81 | I54: 7 | J54: 14.61 | K54: 13.56 | L54: 50% | M54: 42% | N54: 13.56 | O54: 9.56
A55: 12 | B55: نص شواية سادة | C55: 20 | D55: 24 | E55: 20% | F55: 3.13 | G55: 5.04 | H55: 0.6 | I55: 7 | J55: 12.64 | K55: 8.23 | L55: 41% | M55: 34% | N55: 8.23 | O55: 4.23
... A99: 56 | B99: ماء | C99: 2 | D99: 2 | E99: 0% | F99: 0.26 | G99: 0.42 | H99: 0.05 | I99: 7 | J99: 7.47 | K99: -5.73 | L99: -287% | M99: -287% | N99: -5.73 | O99: -9.73
A101: 2-ب) الاستلام (Pickup) ومقارنة بالمنيو المطبوع
A102: # | B102: الصنف | C102: سعر HS | D102: خصم العميل 20% | E102: حصة المطعم من الخصم | F102: عمولة 21% | G102: دفع 2.5% | H102: صافي الاستلام | I102: % من البيع المباشر (بدون ضريبة) | J102: سعر المنيو المطبوع | K102: D ÷ المنيو | L102: F ÷ المنيو
A103: 1 | B103: نفر حنيد بيتنا | C103: 126 | D103: 25.2 | E103: 2.5 | F103: 26.46 | G103: 3.15 | H103: 77.46 | I103: 85% | J103: 80 | K103: 31% | L103: 57%
A104: 2 | B104: حنيذ جيزاني | C104: 120 | D104: 24 | E104: 2.5 | F104: 25.2 | G104: 3 | H104: 73.65 | I104: 85% | J104: 77 | K104: 30% | L104: 56%
A105: 3 | B105: كبسة لحم | C105: 117.6 | D105: 23.52 | E105: 2.5 | F105: 24.7 | G105: 2.94 | H105: 72.12 | I105: 85% | J105: 75 | K105: 31% | L105: 57%
A106: 4 | B106: برمة لحم مع الرز | C106: 57.6 | D106: 11.52 | E106: 2.5 | F106: 12.1 | G106: 1.44 | H106: 34.05 | I106: 82% | J106: 36 | K106: 33% | L106: 60%
A107: 5 | B107: مغش لحم | C107: 70.8 | D107: 14.16 | E107: 2.5 | F107: 14.87 | G107: 1.77 | H107: 42.43 | I107: 83% | J107: 45 | K107: 31% | L107: 57%
A108: 6 | B108: ربع شواية مع الرز | C108: 22.8 | D108: 4.56 | E108: 2.5 | F108: 4.79 | G108: 0.57 | H108: 11.97 | I108: 72% | J108: 14 | K108: 36% | L108: 63%
A109: 7 | B109: نص شواية مع الرز | C109: 32.4 | D109: 6.48 | E109: 2.5 | F109: 6.8 | G109: 0.81 | H109: 18.06 | I109: 77% | J109: 21 | K109: 29% | L109: 54%
A110: 8 | B110: حبه شوايه مع الرز | C110: 66 | D110: 13.2 | E110: 2.5 | F110: 13.86 | G110: 1.65 | H110: 39.38 | I110: 82% | J110: 42 | K110: 31% | L110: 57%
A111: 9 | B111: حبه مقلوبه مع الرز | C111: 66 | D111: 13.2 | E111: 2.5 | F111: 13.86 | G111: 1.65 | H111: 39.38 | I111: 82% | J111: — | K111: — | L111: —
A112: 10 | B112: نص مضغوط | C112: 32.4 | D112: 6.48 | E112: 2.5 | F112: 6.8 | G112: 0.81 | H112: 18.06 | I112: 77% | J112: 21 | K112: 29% | L112: 54%
A113: 11 | B113: نص ميفى مع الرز | C113: 32.4 | D113: 6.48 | E113: 2.5 | F113: 6.8 | G113: 0.81 | H113: 18.06 | I113: 77% | J113: 21 | K113: 29% | L113: 54%
A114: 12 | B114: نص شواية سادة | C114: 24 | D114: 4.8 | E114: 2.5 | F114: 5.04 | G114: 0.6 | H114: 12.73 | I114: 73% | J114: 15 | K114: 33% | L114: 60%
A115: 13 | B115: نص ميفى سادة | C115: 24 | D115: 4.8 | E115: 2.5 | F115: 5.04 | G115: 0.6 | H115: 12.73 | I115: 73% | J115: 15 | K115: 33% | L115: 60%
A116: 14 | B116: حبة ميفى | C116: 66 | D116: 13.2 | E116: 2.5 | F116: 13.86 | G116: 1.65 | H116: 39.38 | I116: 82% | J116: 42 | K116: 31% | L116: 57%
A117: 15 | B117: حبة مضغوط | C117: 66 | D117: 13.2 | E117: 2.5 | F117: 13.86 | G117: 1.65 | H117: 39.38 | I117: 82% | J117: 42 | K117: 31% | L117: 57%
A118: 16 | B118: نص مقلوبه | C118: 32.4 | D118: 6.48 | E118: 2.5 | F118: 6.8 | G118: 0.81 | H118: 18.06 | I118: 77% | J118: 21 | K118: 29% | L118: 54%
A119: 17 | B119: لحوح مكشن | C119: 30 | D119: 6 | E119: 2.5 | F119: 6.3 | G119: 0.75 | H119: 16.54 | I119: 76% | J119: 18 | K119: 39% | L119: 67%
A120: 18 | B120: مرقوق بيتنا لحم | C120: 78 | D120: 15.6 | E120: 2.5 | F120: 16.38 | G120: 1.95 | H120: 47 | I120: 83% | J120: 50 | K120: 30% | L120: 56%
A121: 19 | B121: مرقوق بيتنا | C121: 42 | D121: 8.4 | E121: 2.5 | F121: 8.82 | G121: 1.05 | H121: 24.15 | I121: 79% | J121: 27 | K121: 30% | L121: 56%
A122: 20 | B122: مرسه بلدي | C122: 39.6 | D122: 7.92 | E122: 2.5 | F122: 8.32 | G122: 0.99 | H122: 22.63 | I122: 79% | J122: 25 | K122: 32% | L122: 58%
A123: 21 | B123: مرسه عادي | C123: 15.6 | D123: 3.12 | E123: 2.5 | F123: 3.28 | G123: 0.39 | H123: 7.4 | I123: 65% | J123: 10 | K123: 30% | L123: 56%
A124: 22 | B124: مرسة دخن | C124: 39.6 | D124: 7.92 | E124: 2.5 | F124: 8.32 | G124: 0.99 | H124: 22.63 | I124: 79% | J124: — | K124: — | L124: —
A125: 23 | B125: فتة حديدي | C125: 15.6 | D125: 3.12 | E125: 2.5 | F125: 3.28 | G125: 0.39 | H125: 7.4 | I125: 65% | J125: 10 | K125: 30% | L125: 56%
A126: 24 | B126: شفوت | C126: 24 | D126: 4.8 | E126: 2.5 | F126: 5.04 | G126: 0.6 | H126: 12.73 | I126: 73% | J126: 15 | K126: 33% | L126: 60%
A127: 25 | B127: ملوخية | C127: 12 | D127: 2.4 | E127: 2.4 | F127: 2.52 | G127: 0.3 | H127: 5.21 | I127: 60% | J127: 7 | K127: 43% | L127: 71%
A128: 26 | B128: مصقعه | C128: 12 | D128: 2.4 | E128: 2.4 | F128: 2.52 | G128: 0.3 | H128: 5.21 | I128: 60% | J128: 7 | K128: 43% | L128: 71%
A129: 27 | B129: مشكل ميفى | C129: 13.2 | D129: 2.64 | E129: 2.5 | F129: 2.77 | G129: 0.33 | H129: 5.88 | I129: 61% | J129: 8 | K129: 38% | L129: 65%
A130: 28 | B130: قوار | C130: 15.6 | D130: 3.12 | E130: 2.5 | F130: 3.28 | G130: 0.39 | H130: 7.4 | I130: 65% | J130: 10 | K130: 30% | L130: 56%
A131: 29 | B131: مكشن اندومي | C131: 26.4 | D131: 5.28 | E131: 2.5 | F131: 5.54 | G131: 0.66 | H131: 14.25 | I131: 75% | J131: 17 | K131: 29% | L131: 55%
A132: 30 | B132: رز | C132: 12 | D132: 2.4 | E132: 2.4 | F132: 2.52 | G132: 0.3 | H132: 5.21 | I132: 60% | J132: 8 | K132: 25% | L132: 50%
A133: 31 | B133: مكشن سمك | C133: 69.6 | D133: 13.92 | E133: 2.5 | F133: 14.62 | G133: 1.74 | H133: 41.67 | I133: 83% | J133: 45 | K133: 29% | L133: 55%
A134: 32 | B134: حسيه خمير | C134: 26.4 | D134: 5.28 | E134: 2.5 | F134: 5.54 | G134: 0.66 | H134: 14.25 | I134: 75% | J134: 17 | K134: 29% | L134: 55%
A135: 33 | B135: حسيه لحم خمير | C135: 64.8 | D135: 12.96 | E135: 2.5 | F135: 13.61 | G135: 1.62 | H135: 38.62 | I135: 82% | J135: 40 | K135: 35% | L135: 62%
A136: 34 | B136: حسيه فرق خمير | C136: 32.4 | D136: 6.48 | E136: 2.5 | F136: 6.8 | G136: 0.81 | H136: 18.06 | I136: 77% | J136: 20 | K136: 35% | L136: 62%
... A158: 56 | B158: ماء | C158: 2 | D158: 0.4 | E158: 0.4 | F158: 0.42 | G158: 0.05 | H158: 0.87 | I158: 50% | J158: 1 | K158: 100% | L158: 100%
A160: 2-ج) هامش المساهمة لكل صنف (طلب منفرد) والتصنيف بحدود رقمية
A161: # | B161: الصنف | C161: تكلفة طعام+تغليف | D161: الصافي | E161: هامش المساهمة (CM) | F161: CM% | G161: التصنيف | H161: CM بيع مباشر | I161: الفرق عن المباشر | J161: الصافي ÷ مباشر(بدون ضريبة)
A162: 1 | B162: نفر حنيد بيتنا | C162: 31.22 | D162: 66.96 | E162: 35.74 | F162: 32.6% | G162: 🟢 أخضر | H162: 60.09 | I162: -24.35 | J162: 73%
A163: 2 | B163: حنيذ جيزاني | C163: 29.83 | D163: 63.15 | E163: 33.32 | F163: 31.9% | G163: 🟢 أخضر | H163: 57.13 | I163: -23.81 | J163: 73%
A164: 3 | B164: كبسة لحم | C164: 29.27 | D164: 61.62 | E164: 32.36 | F164: 31.6% | G164: 🟢 أخضر | H164: 55.95 | I164: -23.59 | J164: 72%
A165: 4 | B165: برمة لحم مع الرز | C165: 15.36 | D165: 27.55 | E165: 12.19 | F165: 24.3% | G165: 🟡 أصفر | H165: 26.38 | I165: -14.19 | J165: 66%
A166: 5 | B166: مغش لحم | C166: 18.42 | D166: 33.93 | E166: 15.51 | F166: 25.2% | G166: 🟡 أصفر | H166: 32.89 | I166: -17.38 | J166: 66%
A167: 6 | B167: ربع شواية مع الرز | C167: 7.29 | D167: 7.47 | E167: 0.18 | F167: 0.9% | G167: 🔴 أحمر | H167: 9.23 | I167: -9.05 | J167: 45%
A168: 7 | B168: نص شواية مع الرز | C168: 9.51 | D168: 13.56 | E168: 4.05 | F168: 14.4% | G168: 🔴 أحمر | H168: 13.97 | I168: -9.92 | J168: 58%
A169: 8 | B169: حبه شوايه مع الرز | C169: 17.3 | D169: 30.88 | E169: 13.58 | F169: 23.7% | G169: 🟡 أصفر | H169: 30.52 | I169: -16.94 | J169: 65%
A170: 9 | B170: حبه مقلوبه مع الرز | C170: 17.3 | D170: 30.88 | E170: 13.58 | F170: 23.7% | G170: 🟡 أصفر | H170: 30.52 | I170: -16.94 | J170: 65%
A171: 10 | B171: نص مضغوط | C171: 9.51 | D171: 13.56 | E171: 4.05 | F171: 14.4% | G171: 🔴 أحمر | H171: 13.97 | I171: -9.92 | J171: 58%
A172: 11 | B172: نص ميفى مع الرز | C172: 9.51 | D172: 13.56 | E172: 4.05 | F172: 14.4% | G172: 🔴 أحمر | H172: 13.97 | I172: -9.92 | J172: 58%
A173: 12 | B173: نص شواية سادة | C173: 7.57 | D173: 8.23 | E173: 0.66 | F173: 3.2% | G173: 🔴 أحمر | H173: 9.83 | I173: -9.16 | J173: 47%
... A217: 56 | B217: ماء | C217: 2.56 | D217: -5.73 | E217: -8.29 | F217: -476.5% | G217: 🔴 أحمر | H217: -0.82 | I217: -7.47 | J217: -330%
A219: 3) هل زيادة 20% كافية؟
A221: 3-أ) نسبة الخصم الفعلية
A222: البيان | B222: من كل 100 ريال يدفعها العميل | C222: كنسبة من مبيعاتك بدون ضريبة
...
